{"cameraMode":{"drawMode":0,"name":"Shaded","section":"Shading Mode"},"sceneLighting":false,"audioPlay":false,"sceneViewState":{"showFog":true,"showMaterialUpdate":false,"showSkybox":false,"showFlares":true,"showImageEffects":true,"showParticleSystems":true,"showVisualEffectGraphs":true,"m_FxEnabled":true},"in2DMode":false,"pivot":{"x":2.5975794792175295,"y":-0.8543615341186523,"z":-10.558483123779297},"rotation":{"x":0.007638946641236544,"y":0.9921733736991882,"z":-0.07785636186599732,"w":0.09734609723091126},"size":7.046212673187256,"orthographic":false}