{"cameraMode":{"drawMode":0,"name":"Shaded","section":"Shading Mode"},"sceneLighting":false,"audioPlay":false,"sceneViewState":{"showFog":true,"showMaterialUpdate":false,"showSkybox":false,"showFlares":true,"showImageEffects":true,"showParticleSystems":true,"showVisualEffectGraphs":true,"m_FxEnabled":true},"in2DMode":false,"pivot":{"x":0.12455535680055618,"y":1.5876129865646363,"z":0.4423571825027466},"rotation":{"x":-0.12890280783176423,"y":-0.027663370594382287,"z":0.0036170838866382839,"w":-0.991301953792572},"size":2.0062255859375,"orthographic":false}