{"cameraMode":{"drawMode":0,"name":"Shaded","section":"Shading Mode"},"sceneLighting":false,"audioPlay":false,"sceneViewState":{"showFog":true,"showMaterialUpdate":false,"showSkybox":false,"showFlares":true,"showImageEffects":true,"showParticleSystems":true,"showVisualEffectGraphs":true,"m_FxEnabled":true},"in2DMode":false,"pivot":{"x":0.47235679626464846,"y":1.8097912073135377,"z":0.16208288073539735},"rotation":{"x":-0.07659930735826493,"y":0.7927615642547607,"z":-0.10187790542840958,"w":-0.5960564017295837},"size":1.5741578340530396,"orthographic":false}